,project,spacification,property_value
0,24K Altura ,"4 BHK Flat for Sale in 24K Altura, Baner, Pune",₹2.50 Cr 
1,Amanora Crown Towers ,"3 BHK Flat for Sale in Amanora Crown Towers, Hadapsar, Pune",₹2.33 Cr 
2,Chandrakamal ,"2 BHK Flat for Sale in Chandrakamal, Shukrawar Peth, Pune",₹1.65 Cr 
3,Kingston Atlantis ,"2 BHK Flat for Sale in Kingston Atlantis, NIBM Annexe Area, Pune",₹83.8 Lac 
4,Ambar Zenith ,"4 BHK Flat for Sale in Ambar Zenith, Viman Nagar, Pune",₹4.23 Cr 
5,ANP Autograph ,"2 BHK Flat for Sale in ANP Autograph, Punawale, Pimpri Chinchwad, Pune",₹93.3 Lac 
6,Nu Era ,"2 BHK Flat for Sale in Nu Era, Kothrud, Pune",₹1.44 Cr 
7,Avaneesh ,"3 BHK Flat for Sale in Avaneesh, Nigdi, Pimpri Chinchwad, Pune",₹1.87 Cr 
8,Samrajya ,"2 BHK Flat for Sale in Samrajya, Pimple Gurav, Pimpri Chinchwad, Pune",₹85 Lac 
9,The Silver Altair ,"2 BHK Flat for Sale in The Silver Altair, Ravet, Pimpri Chinchwad, Pune",₹91.3 Lac 
10,Adi Amma Insperia ,"3 BHK Flat for Sale in Adi Amma Insperia, Rahatani, Pune",₹1.42 Cr 
11,Vision Vanessa ,"3 BHK Flat for Sale in Vision Vanessa, Ravet, Pimpri Chinchwad, Pune",₹1.67 Cr 
12,Signature Ritz ,"3 BHK Flat for Sale in Signature Ritz, Thergaon, Pimpri Chinchwad, Pune",₹1.30 Cr 
13,Hermes Paras 3 ,"2 BHK Flat for Sale in Hermes Paras 3, Kalyani Nagar, Pune",₹1.60 Cr 
14,Verista ,"3 BHK Flat for Sale in Verista, Law College Road, Pune",₹3.59 Cr 
15,Kool Homes Green Valley Phase 2 ,"2 BHK Flat for Sale in Kool Homes Green Valley Phase 2, Bavdhan, Pune",₹1.25 Cr 
16,Codename TechD ,"2 BHK Flat for Sale in Codename TechD, Bhugaon, Bavdhan, Pune",₹75 Lac 
17,Mantra Mirari ,"4 BHK Flat for Sale in Mantra Mirari, Mundhwa, Pune",₹2.54 Cr 
18,Pride World City ,"2 BHK Flat for Sale in Pride World City, Charholi BK, Pune",₹71.2 Lac 
19,Purva Emerald Bay ,"2 BHK Flat for Sale in Purva Emerald Bay, Keshav Nagar Mundhwa, Pune",₹80 Lac 
20,Venkatesh Erandwane Central ,"3 BHK Flat for Sale in Venkatesh Erandwane Central, Erandwane, Pune",₹2.79 Cr 
21,TCG Cliff Gardens VC Homes ,"2 BHK Flat for Sale in TCG Cliff Gardens VC Homes, Hinjawadi, Pune",₹65.3 Lac 
22,K Ville ,"3 BHK Flat for Sale in K Ville, Ravet, Pimpri Chinchwad, Pune",₹91 Lac 
23,Kohinoor Shangrila ,"2 BHK Flat for Sale in Kohinoor Shangrila, Pimpri, Pune",₹83 Lac 
24,NYATI EQUINOX ,"3 BHK Flat for Sale in NYATI EQUINOX, Bavdhan, Pune",₹1.42 Cr 
25,Dream Elegance ,"4 BHK Flat for Sale in Dream Elegance, Balewadi, Pune",₹2.29 Cr 
26,Aryaban ,"3 BHK Flat for Sale in Aryaban, Kiwale, Dehu Road, Pune",₹87.7 Lac 
27,Riverdale Grove ,"3 BHK Flat for Sale in Riverdale Grove, Kharadi, Pune",₹1.65 Cr 
28,Ashiana Malhar ,"2 BHK Flat for Sale in Ashiana Malhar, Hinjawadi, Pune",₹74.8 Lac 
29,Arbor Vista ,"2 BHK Flat for Sale in Arbor Vista, Wakad, Pune",₹82 Lac 
